InvoiceNo,StockCode,Product_Name,Quantity,UnitPrice,CustomerID,Country,TotalPrice
541883,22666,RECIPE BOX PANTRY YELLOW DESIGN,24,2.55,13408,United Kingdom,61.2
541883,22720,SET OF 3 CAKE TINS PANTRY DESIGN,24,4.25,13408,United Kingdom,102.0
541883,85152,HAND OVER THE CHOCOLATE   SIGN,12,2.1,13408,United Kingdom,25.2
541883,22413,METAL SIGN TAKE IT OR LEAVE IT,12,2.95,13408,United Kingdom,35.4
541883,82600,NO SINGING METAL SIGN,12,2.1,13408,United Kingdom,25.2
541883,82599,FANNY'S REST STOPMETAL SIGN,12,2.1,13408,United Kingdom,25.2
541884,21188,3D HEARTS  HONEYCOMB PAPER GARLAND,12,2.95,14782,United Kingdom,35.4
541884,21195,PINK  HONEYCOMB PAPER BALL,12,2.1,14782,United Kingdom,25.2
541886,22170,PICTURE FRAME WOOD TRIPLE PORTRAIT,12,5.95,15039,United Kingdom,71.4
541886,21430,SET/3 RED GINGHAM ROSE STORAGE BOX,24,3.39,15039,United Kingdom,81.36
541903,22171,3 HOOK PHOTO SHELF ANTIQUE WHITE,12,7.65,15039,United Kingdom,91.8
541916,22970,LONDON BUS COFFEE MUG,24,2.55,17861,United Kingdom,61.2
541932,22699,ROSES REGENCY TEACUP AND SAUCER,24,2.55,14439,Greece,61.2
541932,22697,GREEN REGENCY TEACUP AND SAUCER,24,2.55,14439,Greece,61.2
541932,22957,SET 3 PAPER VINTAGE CHICK PAPER EGG,24,2.95,14439,Greece,70.8
541932,22720,SET OF 3 CAKE TINS PANTRY DESIGN,24,4.25,14439,Greece,102.0
541932,72760B,VINTAGE CREAM 3 BASKET CAKE STAND,16,8.49,14439,Greece,135.84
541932,22763,KEY CABINET MA CAMPAGNE,12,8.5,14439,Greece,102.0
541932,22173,METAL 4 HOOK HANGER FRENCH CHATEAU,16,2.95,14439,Greece,47.2
541932,22502,PICNIC BASKET WICKER SMALL,16,4.95,14439,Greece,79.2
541932,22840,ROUND CAKE TIN VINTAGE RED,12,6.95,14439,Greece,83.4
541932,22842,BISCUIT TIN VINTAGE RED,12,5.95,14439,Greece,71.4
541932,22841,ROUND CAKE TIN VINTAGE GREEN,12,6.95,14439,Greece,83.4
541932,48188,DOORMAT WELCOME PUPPIES,20,6.75,14439,Greece,135.0
541932,22692,DOORMAT WELCOME TO OUR HOME,20,6.75,14439,Greece,135.0
541932,48184,DOORMAT ENGLISH ROSE,20,6.75,14439,Greece,135.0
541932,48187,DOORMAT NEW ENGLAND,20,6.75,14439,Greece,135.0
541932,48129,DOORMAT TOPIARY,20,6.75,14439,Greece,135.0
541932,22604,SET OF 4 NAPKIN CHARMS CUTLERY,32,2.1,14439,Greece,67.2
541932,22423,REGENCY CAKESTAND 3 TIER,16,10.95,14439,Greece,175.2
541946,21175,GIN + TONIC DIET METAL SIGN,12,2.1,17591,United Kingdom,25.2
541946,85152,HAND OVER THE CHOCOLATE   SIGN,12,2.1,17591,United Kingdom,25.2
541946,82583,HOT BATHS METAL SIGN,12,2.1,17591,United Kingdom,25.2
541949,84375,SET OF 20 KIDS COOKIE CUTTERS,12,2.1,18136,United Kingdom,25.2
541960,22699,ROSES REGENCY TEACUP AND SAUCER,48,2.55,16660,United Kingdom,122.4
541960,22697,GREEN REGENCY TEACUP AND SAUCER,48,2.55,16660,United Kingdom,122.4
541965,20828,GLITTER BUTTERFLY CLIPS,18,2.55,12625,Germany,45.9
541965,22742,MAKE YOUR OWN PLAYTIME CARD KIT,18,2.95,12625,Germany,53.1
541965,22744,MAKE YOUR OWN MONSOON CARD KIT,18,2.95,12625,Germany,53.1
541965,21249,WOODLAND  HEIGHT CHART STICKERS,12,2.95,12625,Germany,35.4
541965,21251,DINOSAUR HEIGHT CHART STICKER SET,12,2.95,12625,Germany,35.4
541965,22236,CAKE STAND 3 TIER MAGIC GARDEN,12,10.95,12625,Germany,131.4
541965,47590A,BLUE HAPPY BIRTHDAY BUNTING,12,5.45,12625,Germany,65.4
541965,22087,PAPER BUNTING WHITE LACE,24,2.95,12625,Germany,70.8
541965,22088,PAPER BUNTING COLOURED LACE,24,2.95,12625,Germany,70.8
541965,22957,SET 3 PAPER VINTAGE CHICK PAPER EGG,12,2.95,12625,Germany,35.4
541965,22423,REGENCY CAKESTAND 3 TIER,16,10.95,12625,Germany,175.2
541965,22666,RECIPE BOX PANTRY YELLOW DESIGN,12,2.95,12625,Germany,35.4
541966,84789,ENCHANTED BIRD PLANT CAGE,16,2.95,13854,United Kingdom,47.2
541966,21430,SET/3 RED GINGHAM ROSE STORAGE BOX,24,3.39,13854,United Kingdom,81.36
541968,79321,CHILLI LIGHTS,12,4.95,13396,United Kingdom,59.4
541968,22087,PAPER BUNTING WHITE LACE,12,2.95,13396,United Kingdom,35.4
541968,22084,PAPER CHAIN KIT EMPIRE,12,2.95,13396,United Kingdom,35.4
541968,22083,PAPER CHAIN KIT RETROSPOT,12,2.95,13396,United Kingdom,35.4
541968,21586,KINGS CHOICE GIANT TUBE MATCHES,12,2.55,13396,United Kingdom,30.6
541970,22930,BAKING MOULD HEART MILK CHOCOLATE,12,2.55,15179,United Kingdom,30.6
541970,84375,SET OF 20 KIDS COOKIE CUTTERS,12,2.1,15179,United Kingdom,25.2
541970,22967,SET 3 SONG BIRD PAPER EGGS ASSORTED,12,2.95,15179,United Kingdom,35.4
541974,22138,BAKING SET 9 PIECE RETROSPOT,12,4.95,14541,United Kingdom,59.4
541976,22457,NATURAL SLATE HEART CHALKBOARD,12,2.95,16168,United Kingdom,35.4
541977,21181,PLEASE ONE PERSON METAL SIGN,12,2.1,15078,United Kingdom,25.2
541977,21175,GIN + TONIC DIET METAL SIGN,12,2.1,15078,United Kingdom,25.2
541981,20750,RED RETROSPOT MINI CASES,12,6.35,12691,France,76.2
541996,21733,RED HANGING HEART T-LIGHT HOLDER,12,2.95,18075,United Kingdom,35.4
541996,85123A,WHITE HANGING HEART T-LIGHT HOLDER,12,2.95,18075,United Kingdom,35.4
541996,22470,HEART OF WICKER LARGE,12,2.95,18075,United Kingdom,35.4
541997,22928,YELLOW GIANT GARDEN THERMOMETER,14,5.95,18077,United Kingdom,83.3
542000,84375,SET OF 20 KIDS COOKIE CUTTERS,12,2.1,14257,United Kingdom,25.2
542003,21559,STRAWBERRY LUNCH BOX WITH CUTLERY,60,2.1,15311,United Kingdom,126.0
542003,21561,DINOSAUR LUNCH BOX WITH CUTLERY,60,2.1,15311,United Kingdom,126.0
542003,21558,SKULL LUNCH BOX WITH CUTLERY,60,2.1,15311,United Kingdom,126.0
542003,21754,HOME BUILDING BLOCK WORD,18,5.45,15311,United Kingdom,98.1
542003,84997B,RED 3 PIECE RETROSPOT CUTLERY SET,72,3.39,15311,United Kingdom,244.08
542003,84997D,PINK 3 PIECE POLKADOT CUTLERY SET,72,3.39,15311,United Kingdom,244.08
542006,21181,PLEASE ONE PERSON METAL SIGN,12,2.1,15218,United Kingdom,25.2
542006,21733,RED HANGING HEART T-LIGHT HOLDER,32,2.55,15218,United Kingdom,81.6
542025,21257,VICTORIAN SEWING BOX MEDIUM,32,6.95,14543,United Kingdom,222.4
542026,82600,NO SINGING METAL SIGN,12,2.1,15110,United Kingdom,25.2
542026,22360,GLASS JAR ENGLISH CONFECTIONERY,12,2.95,15110,United Kingdom,35.4
542059,21181,PLEASE ONE PERSON METAL SIGN,12,2.1,16757,United Kingdom,25.2
542059,21164,HOME SWEET HOME METAL SIGN,12,2.95,16757,United Kingdom,35.4
542079,85123A,WHITE HANGING HEART T-LIGHT HOLDER,32,2.55,18144,United Kingdom,81.6
542079,21407,BROWN CHECK CAT DOORSTOP,16,3.75,18144,United Kingdom,60.0
542080,20682,RED RETROSPOT CHILDRENS UMBRELLA,12,3.25,13815,Germany,39.0
542084,47566B,TEA TIME PARTY BUNTING,50,3.75,14680,United Kingdom,187.5
542084,21937,STRAWBERRY   PICNIC BAG,30,2.95,14680,United Kingdom,88.5
542084,21175,GIN + TONIC DIET METAL SIGN,12,2.1,14680,United Kingdom,25.2
542084,22326,ROUND SNACK BOXES SET OF4 WOODLAND,15,2.95,14680,United Kingdom,44.25
542084,84997B,RED 3 PIECE RETROSPOT CUTLERY SET,24,3.75,14680,United Kingdom,90.0
542084,84997C,BLUE 3 PIECE POLKADOT CUTLERY SET,24,3.75,14680,United Kingdom,90.0
542085,21621,VINTAGE UNION JACK BUNTING,12,8.5,14534,United Kingdom,102.0
542087,21472,LADYBIRD + BEE RAFFIA FOOD COVER,12,3.75,14849,United Kingdom,45.0
542102,22960,JAM MAKING SET WITH JARS,12,3.75,12744,Singapore,45.0
542102,21755,LOVE BUILDING BLOCK WORD,18,5.45,12744,Singapore,98.1
542102,21936,RED RETROSPOT PICNIC BAG,25,2.95,12744,Singapore,73.75
542102,22499,WOODEN UNION JACK BUNTING,12,5.95,12744,Singapore,71.4
542102,21621,VINTAGE UNION JACK BUNTING,12,8.5,12744,Singapore,102.0
542102,20681,PINK POLKADOT CHILDRENS UMBRELLA,12,3.25,12744,Singapore,39.0
542102,21181,PLEASE ONE PERSON METAL SIGN,12,2.1,12744,Singapore,25.2
542102,22084,PAPER CHAIN KIT EMPIRE,18,2.95,12744,Singapore,53.1
542102,85123A,WHITE HANGING HEART T-LIGHT HOLDER,18,2.95,12744,Singapore,53.1
542102,22957,SET 3 PAPER VINTAGE CHICK PAPER EGG,18,2.95,12744,Singapore,53.1
542103,20751,FUNKY WASHING UP GLOVES ASSORTED,12,2.1,13198,United Kingdom,25.2
542106,22423,REGENCY CAKESTAND 3 TIER,32,10.95,12709,Germany,350.4
542106,22627,MINT KITCHEN SCALES,12,7.65,12709,Germany,91.8
542106,21217,RED RETROSPOT ROUND CAKE TINS,24,8.95,12709,Germany,214.8
542106,21216,"SET 3 RETROSPOT TEA,COFFEE,SUGAR",24,4.25,12709,Germany,102.0
542106,21658,GLASS  BEURRE DISH,48,3.39,12709,Germany,162.72
542108,85123A,WHITE HANGING HEART T-LIGHT HOLDER,12,2.95,17460,United Kingdom,35.4
542114,22457,NATURAL SLATE HEART CHALKBOARD,12,2.95,16943,United Kingdom,35.4
542123,22957,SET 3 PAPER VINTAGE CHICK PAPER EGG,12,2.95,14299,United Kingdom,35.4
542123,22423,REGENCY CAKESTAND 3 TIER,16,10.95,14299,United Kingdom,175.2
542124,22622,BOX OF VINTAGE ALPHABET BLOCKS,24,8.5,14248,United Kingdom,204.0
542125,82583,HOT BATHS METAL SIGN,12,2.1,16497,United Kingdom,25.2
542125,21175,GIN + TONIC DIET METAL SIGN,12,2.1,16497,United Kingdom,25.2
542125,85152,HAND OVER THE CHOCOLATE   SIGN,12,2.1,16497,United Kingdom,25.2
542126,47566,PARTY BUNTING,50,3.75,13001,United Kingdom,187.5
542133,22457,NATURAL SLATE HEART CHALKBOARD,12,2.95,13049,United Kingdom,35.4
542134,22183,CAKE STAND VICTORIAN FILIGREE MED,18,5.95,15189,United Kingdom,107.1
542134,22423,REGENCY CAKESTAND 3 TIER,16,10.95,15189,United Kingdom,175.2
542141,85123A,WHITE HANGING HEART T-LIGHT HOLDER,96,2.55,14548,United Kingdom,244.8
542141,21733,RED HANGING HEART T-LIGHT HOLDER,32,2.55,14548,United Kingdom,81.6
542142,15044A,PINK PAPER PARASOL,18,2.95,12971,United Kingdom,53.1
542142,15044B,BLUE PAPER PARASOL,18,2.95,12971,United Kingdom,53.1
542142,15044D,RED PAPER PARASOL,18,2.95,12971,United Kingdom,53.1
542143,48187,DOORMAT NEW ENGLAND,20,6.75,15061,United Kingdom,135.0
542143,48184,DOORMAT ENGLISH ROSE,20,6.75,15061,United Kingdom,135.0
542143,20685,DOORMAT RED RETROSPOT,20,6.75,15061,United Kingdom,135.0
542145,84078A,SET/4 WHITE RETRO STORAGE CUBES,12,34.95,13089,United Kingdom,419.4
542146,21588,RETROSPOT GIANT TUBE MATCHES,12,2.55,13405,United Kingdom,30.6
542147,22957,SET 3 PAPER VINTAGE CHICK PAPER EGG,12,2.95,12782,Portugal,35.4
542148,22467,GUMBALL COAT RACK,36,2.1,14060,United Kingdom,75.6
542154,22111,SCOTTIE DOG HOT WATER BOTTLE,24,4.25,15777,United Kingdom,102.0
542155,21348,PINK SPOTS CHOCOLATE NESTING BOXES,112,2.55,15777,United Kingdom,285.6
542208,22084,PAPER CHAIN KIT EMPIRE,12,2.95,16422,United Kingdom,35.4
542208,21380,WOODEN HAPPY BIRTHDAY GARLAND,12,2.95,16422,United Kingdom,35.4
542208,22090,PAPER BUNTING RETROSPOT,40,2.55,16422,United Kingdom,102.0
542208,22083,PAPER CHAIN KIT RETROSPOT,40,2.55,16422,United Kingdom,102.0
542208,22087,PAPER BUNTING WHITE LACE,40,2.55,16422,United Kingdom,102.0
542212,22087,PAPER BUNTING WHITE LACE,40,2.55,15812,United Kingdom,102.0
542212,15056N,EDWARDIAN PARASOL NATURAL,24,5.95,15812,United Kingdom,142.8
542214,22352,LUNCH BOX WITH CUTLERY RETROSPOT,12,2.55,17118,United Kingdom,30.6
542215,22326,ROUND SNACK BOXES SET OF4 WOODLAND,12,2.95,12472,Germany,35.4
542215,22328,ROUND SNACK BOXES SET OF 4 FRUITS,12,2.95,12472,Germany,35.4
542215,22467,GUMBALL COAT RACK,18,2.55,12472,Germany,45.9
542219,22470,HEART OF WICKER LARGE,12,2.95,17735,United Kingdom,35.4
542220,21216,"SET 3 RETROSPOT TEA,COFFEE,SUGAR",24,4.25,15373,United Kingdom,102.0
542222,22502,PICNIC BASKET WICKER SMALL,48,4.95,14616,United Kingdom,237.6
542226,85123A,WHITE HANGING HEART T-LIGHT HOLDER,12,2.95,17075,United Kingdom,35.4
542229,22467,GUMBALL COAT RACK,12,2.55,12474,Germany,30.6
542230,21588,RETROSPOT GIANT TUBE MATCHES,12,2.1,17389,United Kingdom,25.2
542230,21586,KINGS CHOICE GIANT TUBE MATCHES,12,2.1,17389,United Kingdom,25.2
542233,22723,SET OF 6 HERB TINS SKETCHBOOK,24,3.45,13098,United Kingdom,82.8
542237,84558A,3D DOG PICTURE PLAYING CARDS,12,2.95,12347,Iceland,35.4
542243,79321,CHILLI LIGHTS,24,4.25,17841,United Kingdom,102.0
542246,82583,HOT BATHS METAL SIGN,12,2.1,15227,United Kingdom,25.2
542247,85123A,WHITE HANGING HEART T-LIGHT HOLDER,32,2.55,12997,United Kingdom,81.6
542254,22722,SET OF 6 SPICE TINS PANTRY DESIGN,24,3.45,14733,United Kingdom,82.8
542254,22854,CREAM SWEETHEART EGG HOLDER,24,4.25,14733,United Kingdom,102.0
542254,22073,RED RETROSPOT STORAGE JAR,16,3.39,14733,United Kingdom,54.24
542258,85123A,WHITE HANGING HEART T-LIGHT HOLDER,12,2.95,17372,United Kingdom,35.4
542268,22448,PIN CUSHION BABUSHKA RED,12,3.35,15358,United Kingdom,40.2
542269,82599,FANNY'S REST STOPMETAL SIGN,12,2.1,14442,Channel Islands,25.2
542276,82600,NO SINGING METAL SIGN,12,2.1,12764,Lebanon,25.2
542276,47566,PARTY BUNTING,15,4.65,12764,Lebanon,69.75
542276,22588,CARD HOLDER GINGHAM HEART,12,2.55,12764,Lebanon,30.6
542276,21260,FIRST AID TIN,12,3.25,12764,Lebanon,39.0
542276,21906,PHARMACIE FIRST AID TIN,12,6.75,12764,Lebanon,81.0
542276,22720,SET OF 3 CAKE TINS PANTRY DESIGN,12,4.95,12764,Lebanon,59.4
542276,22722,SET OF 6 SPICE TINS PANTRY DESIGN,12,3.95,12764,Lebanon,47.4
542276,22423,REGENCY CAKESTAND 3 TIER,12,12.75,12764,Lebanon,153.0
542276,22842,BISCUIT TIN VINTAGE RED,12,5.95,12764,Lebanon,71.4
542276,22960,JAM MAKING SET WITH JARS,12,3.75,12764,Lebanon,45.0
542276,22957,SET 3 PAPER VINTAGE CHICK PAPER EGG,12,2.95,12764,Lebanon,35.4
542277,85123A,WHITE HANGING HEART T-LIGHT HOLDER,32,2.55,14440,United Kingdom,81.6
542277,82482,WOODEN PICTURE FRAME WHITE FINISH,12,2.55,14440,United Kingdom,30.6
542277,82494L,WOODEN FRAME ANTIQUE WHITE,12,2.95,14440,United Kingdom,35.4
542278,20829,GLITTER HANGING BUTTERFLY STRING,16,2.1,14911,EIRE,33.6
542278,21794,CLASSIC FRENCH STYLE BASKET NATURAL,12,6.75,14911,EIRE,81.0
542284,22911,PAPER CHAIN KIT LONDON,12,2.95,17311,United Kingdom,35.4
542303,22834,HAND WARMER BABUSHKA DESIGN,12,2.1,12539,Spain,25.2
542303,22423,REGENCY CAKESTAND 3 TIER,14,12.75,12539,Spain,178.5
542351,22776,SWEETHEART CAKESTAND 3 TIER,12,8.5,14560,United Kingdom,102.0
542353,22902,TOTE BAG I LOVE LONDON,12,2.1,16700,United Kingdom,25.2
542360,22300,COFFEE MUG DOG + BALL DESIGN,12,2.55,14701,United Kingdom,30.6
542369,22328,ROUND SNACK BOXES SET OF 4 FRUITS,12,2.95,12645,Germany,35.4
542371,22957,SET 3 PAPER VINTAGE CHICK PAPER EGG,12,2.95,12468,Germany,35.4
542372,22109,FULL ENGLISH BREAKFAST PLATE,16,3.39,13078,United Kingdom,54.24
542372,79321,CHILLI LIGHTS,24,4.25,13078,United Kingdom,102.0
542373,22501,PICNIC BASKET WICKER LARGE,16,8.5,16767,United Kingdom,136.0
542373,22502,PICNIC BASKET WICKER SMALL,16,4.95,16767,United Kingdom,79.2
542373,22170,PICTURE FRAME WOOD TRIPLE PORTRAIT,12,5.95,16767,United Kingdom,71.4
542373,22423,REGENCY CAKESTAND 3 TIER,16,10.95,16767,United Kingdom,175.2
542373,22303,COFFEE MUG APPLES DESIGN,36,2.1,16767,United Kingdom,75.6
542373,22960,JAM MAKING SET WITH JARS,12,3.75,16767,United Kingdom,45.0
542373,22904,CALENDAR PAPER CUT DESIGN,80,2.55,16767,United Kingdom,204.0
542373,22900,SET 2 TEA TOWELS I LOVE LONDON,12,2.95,16767,United Kingdom,35.4
542373,22971,QUEENS GUARD COFFEE MUG,12,2.55,16767,United Kingdom,30.6
542373,20750,RED RETROSPOT MINI CASES,12,6.35,16767,United Kingdom,76.2
542373,22357,KINGS CHOICE BISCUIT TIN,24,3.75,16767,United Kingdom,90.0
542374,21586,KINGS CHOICE GIANT TUBE MATCHES,12,2.55,15696,United Kingdom,30.6
542381,82583,HOT BATHS METAL SIGN,12,2.1,17213,United Kingdom,25.2
542382,21181,PLEASE ONE PERSON METAL SIGN,12,2.1,14738,United Kingdom,25.2
542382,21733,RED HANGING HEART T-LIGHT HOLDER,12,2.95,14738,United Kingdom,35.4
542382,72351B,SET/6 PINK  BUTTERFLY T-LIGHTS,12,2.1,14738,United Kingdom,25.2
542384,84375,SET OF 20 KIDS COOKIE CUTTERS,12,2.1,15827,United Kingdom,25.2
542386,22111,SCOTTIE DOG HOT WATER BOTTLE,12,4.95,17540,United Kingdom,59.4
542386,22112,CHOCOLATE HOT WATER BOTTLE,12,4.95,17540,United Kingdom,59.4
542397,22933,BAKING MOULD EASTER EGG MILK CHOC,48,2.55,13328,United Kingdom,122.4
542397,22934,BAKING MOULD EASTER EGG WHITE CHOC,48,2.55,13328,United Kingdom,122.4
542397,22931,BAKING MOULD HEART WHITE CHOCOLATE,48,2.55,13328,United Kingdom,122.4
542397,22932,BAKING MOULD TOFFEE CUP CHOCOLATE,48,2.55,13328,United Kingdom,122.4
542397,22730,ALARM CLOCK BAKELIKE IVORY,16,3.75,13328,United Kingdom,60.0
542399,20751,FUNKY WASHING UP GLOVES ASSORTED,12,2.1,15549,United Kingdom,25.2
542399,22457,NATURAL SLATE HEART CHALKBOARD,12,2.95,15549,United Kingdom,35.4
542401,20898,VINTAGE NOTEBOOK TRAVELOGUE,12,2.95,14541,United Kingdom,35.4
542409,79321,CHILLI LIGHTS,24,4.25,15311,United Kingdom,102.0
542411,85141,JARDIN ETCHED GLASS FRUITBOWL,12,8.95,15864,United Kingdom,107.4
542423,22900,SET 2 TEA TOWELS I LOVE LONDON,12,2.95,15057,United Kingdom,35.4
542423,22970,LONDON BUS COFFEE MUG,24,2.55,15057,United Kingdom,61.2
542423,22960,JAM MAKING SET WITH JARS,24,3.75,15057,United Kingdom,90.0
542423,22149,FELTCRAFT 6 FLOWER FRIENDS,24,2.1,15057,United Kingdom,50.4
542423,22457,NATURAL SLATE HEART CHALKBOARD,24,2.95,15057,United Kingdom,70.8
542428,22720,SET OF 3 CAKE TINS PANTRY DESIGN,72,4.95,17404,Sweden,356.4
542428,21260,FIRST AID TIN,48,3.25,17404,Sweden,156.0
542428,21906,PHARMACIE FIRST AID TIN,16,6.75,17404,Sweden,108.0
542428,21716,BOYS VINTAGE TIN SEASIDE BUCKET,64,2.55,17404,Sweden,163.2
542428,21715,GIRLS VINTAGE TIN SEASIDE BUCKET,64,2.55,17404,Sweden,163.2
542428,22721,SET OF 3 CAKE TINS SKETCHBOOK,24,4.95,17404,Sweden,118.8
542429,22502,PICNIC BASKET WICKER SMALL,16,4.95,13330,United Kingdom,79.2
542430,22822,CREAM WALL PLANTER HEART SHAPED,16,4.95,13552,United Kingdom,79.2
542430,22502,PICNIC BASKET WICKER SMALL,16,4.95,13552,United Kingdom,79.2
542433,84375,SET OF 20 KIDS COOKIE CUTTERS,12,2.1,12726,France,25.2
542433,22811,SET OF 6 T-LIGHTS CACTI,18,2.95,12726,France,53.1
542434,85123A,WHITE HANGING HEART T-LIGHT HOLDER,12,2.95,16755,United Kingdom,35.4
542470,85123A,WHITE HANGING HEART T-LIGHT HOLDER,12,2.95,14133,United Kingdom,35.4
542503,22379,RECYCLING BAG RETROSPOT,25,2.1,16327,United Kingdom,52.5
542503,22381,TOY TIDY PINK POLKADOT,20,2.1,16327,United Kingdom,42.0
542503,82600,NO SINGING METAL SIGN,12,2.1,16327,United Kingdom,25.2
542506,22470,HEART OF WICKER LARGE,18,2.95,16523,United Kingdom,53.1
542506,22896,PEG BAG APPLES DESIGN,12,2.55,16523,United Kingdom,30.6
542511,22777,GLASS CLOCHE LARGE,12,7.65,15527,United Kingdom,91.8
542517,82484,WOOD BLACK BOARD ANT WHITE FINISH,96,5.55,13694,United Kingdom,532.8
542517,22090,PAPER BUNTING RETROSPOT,40,2.55,13694,United Kingdom,102.0
542517,22088,PAPER BUNTING COLOURED LACE,40,2.55,13694,United Kingdom,102.0
542517,22089,PAPER BUNTING VINTAGE PAISLEY,40,2.55,13694,United Kingdom,102.0
542517,47566,PARTY BUNTING,50,3.75,13694,United Kingdom,187.5
542517,47566B,TEA TIME PARTY BUNTING,50,3.75,13694,United Kingdom,187.5
542517,21733,RED HANGING HEART T-LIGHT HOLDER,96,2.55,13694,United Kingdom,244.8
542519,82494L,WOODEN FRAME ANTIQUE WHITE,12,2.95,15159,United Kingdom,35.4
542519,82482,WOODEN PICTURE FRAME WHITE FINISH,12,2.55,15159,United Kingdom,30.6
542519,82486,WOOD S/3 CABINET ANT WHITE FINISH,12,6.95,15159,United Kingdom,83.4
542527,22937,BAKING MOULD CHOCOLATE CUPCAKES,12,2.55,17188,United Kingdom,30.6
542527,22776,SWEETHEART CAKESTAND 3 TIER,12,8.5,17188,United Kingdom,102.0
542527,22697,GREEN REGENCY TEACUP AND SAUCER,24,2.55,17188,United Kingdom,61.2
542528,21559,STRAWBERRY LUNCH BOX WITH CUTLERY,12,2.55,13141,United Kingdom,30.6
542533,22781,GUMBALL MAGAZINE RACK,12,6.75,16019,United Kingdom,81.0
542538,85123A,WHITE HANGING HEART T-LIGHT HOLDER,32,2.55,15079,United Kingdom,81.6
542543,22457,NATURAL SLATE HEART CHALKBOARD,12,2.95,13141,United Kingdom,35.4
542568,22175,PINK OWL SOFT TOY,12,2.95,14215,United Kingdom,35.4
542568,22176,BLUE OWL SOFT TOY,12,2.95,14215,United Kingdom,35.4
542583,22697,GREEN REGENCY TEACUP AND SAUCER,12,2.95,14051,United Kingdom,35.4
542583,48138,DOORMAT UNION FLAG,20,6.75,14051,United Kingdom,135.0
542583,21523,DOORMAT FANCY FONT HOME SWEET HOME,20,6.75,14051,United Kingdom,135.0
542583,22699,ROSES REGENCY TEACUP AND SAUCER,12,2.95,14051,United Kingdom,35.4
542583,22313,OFFICE MUG WARMER PINK,18,2.95,14051,United Kingdom,53.1
542585,72802A,ROSE SCENT CANDLE IN JEWELLED BOX,18,3.81,17329,United Kingdom,68.58
542585,72802C,VANILLA SCENT CANDLE JEWELLED BOX,18,3.81,17329,United Kingdom,68.58
542586,21365,MIRRORED WALL ART STARS,12,2.95,12377,Switzerland,35.4
542587,82483,WOOD 2 DRAWER CABINET WHITE FINISH,16,4.95,14401,United Kingdom,79.2
542587,82486,WOOD S/3 CABINET ANT WHITE FINISH,12,6.95,14401,United Kingdom,83.4
542590,22697,GREEN REGENCY TEACUP AND SAUCER,15,2.95,17920,United Kingdom,44.25
542590,22699,ROSES REGENCY TEACUP AND SAUCER,15,2.95,17920,United Kingdom,44.25
542595,21733,RED HANGING HEART T-LIGHT HOLDER,32,2.55,14040,United Kingdom,81.6
542595,85123A,WHITE HANGING HEART T-LIGHT HOLDER,32,2.55,14040,United Kingdom,81.6
542600,85150,LADIES & GENTLEMEN METAL SIGN,12,2.55,16923,United Kingdom,30.6
542603,22957,SET 3 PAPER VINTAGE CHICK PAPER EGG,12,2.95,16985,United Kingdom,35.4
542603,85123A,WHITE HANGING HEART T-LIGHT HOLDER,32,2.55,16985,United Kingdom,81.6
542603,22960,JAM MAKING SET WITH JARS,12,3.75,16985,United Kingdom,45.0
542606,21181,PLEASE ONE PERSON METAL SIGN,12,2.1,14595,United Kingdom,25.2
542606,22117,METAL SIGN HER DINNER IS SERVED,12,2.95,14595,United Kingdom,35.4
542606,21175,GIN + TONIC DIET METAL SIGN,12,2.1,14595,United Kingdom,25.2
542606,85123A,WHITE HANGING HEART T-LIGHT HOLDER,20,2.95,14595,United Kingdom,59.0
542614,22470,HEART OF WICKER LARGE,12,2.95,15708,United Kingdom,35.4
542614,21733,RED HANGING HEART T-LIGHT HOLDER,12,2.95,15708,United Kingdom,35.4
542614,85123A,WHITE HANGING HEART T-LIGHT HOLDER,12,2.95,15708,United Kingdom,35.4
542620,84375,SET OF 20 KIDS COOKIE CUTTERS,12,2.1,13089,United Kingdom,25.2
542623,21181,PLEASE ONE PERSON METAL SIGN,12,2.1,17239,United Kingdom,25.2
542623,85123A,WHITE HANGING HEART T-LIGHT HOLDER,24,2.95,17239,United Kingdom,70.8
542627,82484,WOOD BLACK BOARD ANT WHITE FINISH,12,5.55,14426,United Kingdom,66.6
542629,22699,ROSES REGENCY TEACUP AND SAUCER,12,2.95,12731,France,35.4
542629,84375,SET OF 20 KIDS COOKIE CUTTERS,24,2.1,12731,France,50.4
542629,21563,RED HEART SHAPE LOVE BUCKET,12,2.95,12731,France,35.4
542629,22352,LUNCH BOX WITH CUTLERY RETROSPOT,12,2.55,12731,France,30.6
542629,21527,RED RETROSPOT TRADITIONAL TEAPOT,12,6.95,12731,France,83.4
542629,21535,RED RETROSPOT SMALL MILK JUG,12,2.55,12731,France,30.6
542629,20682,RED RETROSPOT CHILDRENS UMBRELLA,24,3.25,12731,France,78.0
542629,85014B,RED RETROSPOT UMBRELLA,96,4.95,12731,France,475.2
542629,85014A,BLACK/BLUE POLKADOT UMBRELLA,96,4.95,12731,France,475.2
542629,22745,POPPY'S PLAYHOUSE BEDROOM,12,2.1,12731,France,25.2
542629,22746,POPPY'S PLAYHOUSE LIVINGROOM,12,2.1,12731,France,25.2
542629,22748,POPPY'S PLAYHOUSE KITCHEN,12,2.1,12731,France,25.2
542629,22139,RETROSPOT TEA SET CERAMIC 11 PC,12,4.95,12731,France,59.4
542629,22899,CHILDREN'S APRON DOLLY GIRL,12,2.1,12731,France,25.2
542632,22699,ROSES REGENCY TEACUP AND SAUCER,24,2.55,13324,United Kingdom,61.2
542632,47567B,TEA TIME KITCHEN APRON,30,5.95,13324,United Kingdom,178.5
542641,85184C,S/4 VALENTINE DECOUPAGE HEART BOX,12,2.95,17314,United Kingdom,35.4
542641,20749,ASSORTED COLOUR MINI CASES,12,6.35,17314,United Kingdom,76.2
542647,22467,GUMBALL COAT RACK,12,2.55,18245,United Kingdom,30.6
542659,47590B,PINK HAPPY BIRTHDAY BUNTING,15,5.45,15738,United Kingdom,81.75
542678,22379,RECYCLING BAG RETROSPOT,20,2.1,14688,United Kingdom,42.0
542691,22697,GREEN REGENCY TEACUP AND SAUCER,24,2.55,13408,United Kingdom,61.2
542691,22699,ROSES REGENCY TEACUP AND SAUCER,24,2.55,13408,United Kingdom,61.2
542691,22748,POPPY'S PLAYHOUSE KITCHEN,24,2.1,13408,United Kingdom,50.4
542707,22149,FELTCRAFT 6 FLOWER FRIENDS,12,2.1,18095,United Kingdom,25.2
542708,22723,SET OF 6 HERB TINS SKETCHBOOK,24,3.45,17621,United Kingdom,82.8
542708,22795,SWEETHEART RECIPE BOOK STAND,16,5.95,17621,United Kingdom,95.2
542708,22854,CREAM SWEETHEART EGG HOLDER,24,4.25,17621,United Kingdom,102.0
542708,22934,BAKING MOULD EASTER EGG WHITE CHOC,48,2.55,17621,United Kingdom,122.4
542708,22935,BAKING MOULD ROSE MILK CHOCOLATE,24,3.25,17621,United Kingdom,78.0
542708,22930,BAKING MOULD HEART MILK CHOCOLATE,12,2.55,17621,United Kingdom,30.6
542708,22931,BAKING MOULD HEART WHITE CHOCOLATE,12,2.55,17621,United Kingdom,30.6
542708,22937,BAKING MOULD CHOCOLATE CUPCAKES,24,2.55,17621,United Kingdom,61.2
542710,84375,SET OF 20 KIDS COOKIE CUTTERS,48,2.1,14776,United Kingdom,100.8
542713,37450,CERAMIC CAKE BOWL + HANGING CAKES,12,2.95,12668,Germany,35.4
542722,22364,GLASS JAR DIGESTIVE BISCUITS,24,2.55,13089,United Kingdom,61.2
542722,22360,GLASS JAR ENGLISH CONFECTIONERY,24,2.55,13089,United Kingdom,61.2
542735,22467,GUMBALL COAT RACK,36,2.1,12681,France,75.6
542739,22224,WHITE LOVEBIRD LANTERN,12,2.55,17389,United Kingdom,30.6
542739,85066,CREAM SWEETHEART MINI CHEST,12,10.95,17389,United Kingdom,131.4
542745,21108,FAIRY CAKE FLANNEL ASSORTED COLOUR,45,2.1,15881,United Kingdom,94.5
542745,22138,BAKING SET 9 PIECE RETROSPOT,13,4.95,15881,United Kingdom,64.35
542776,22083,PAPER CHAIN KIT RETROSPOT,12,2.95,15240,United Kingdom,35.4
542777,21181,PLEASE ONE PERSON METAL SIGN,12,2.1,14911,EIRE,25.2
542777,21733,RED HANGING HEART T-LIGHT HOLDER,12,2.95,14911,EIRE,35.4
542779,22699,ROSES REGENCY TEACUP AND SAUCER,18,2.95,17147,United Kingdom,53.1
542779,84375,SET OF 20 KIDS COOKIE CUTTERS,12,2.1,17147,United Kingdom,25.2
542780,82583,HOT BATHS METAL SIGN,12,2.1,17675,United Kingdom,25.2
542780,85150,LADIES & GENTLEMEN METAL SIGN,12,2.55,17675,United Kingdom,30.6
542780,85123A,WHITE HANGING HEART T-LIGHT HOLDER,32,2.55,17675,United Kingdom,81.6
542780,22726,ALARM CLOCK BAKELIKE GREEN,12,3.75,17675,United Kingdom,45.0
542780,21175,GIN + TONIC DIET METAL SIGN,24,2.1,17675,United Kingdom,50.4
542780,21181,PLEASE ONE PERSON METAL SIGN,24,2.1,17675,United Kingdom,50.4
542780,82484,WOOD BLACK BOARD ANT WHITE FINISH,12,5.55,17675,United Kingdom,66.6
542782,82494L,WOODEN FRAME ANTIQUE WHITE,12,2.95,12712,Germany,35.4
542782,22957,SET 3 PAPER VINTAGE CHICK PAPER EGG,12,2.95,12712,Germany,35.4
542785,21922,UNION STRIPE WITH FRINGE  HAMMOCK,12,6.95,13881,United Kingdom,83.4
542785,84795B,SUNSET CHECK HAMMOCK,12,6.95,13881,United Kingdom,83.4
542785,84789,ENCHANTED BIRD PLANT CAGE,16,2.95,13881,United Kingdom,47.2
542785,22354,RETROSPOT PADDED SEAT CUSHION,30,3.39,13881,United Kingdom,101.7
542786,22902,TOTE BAG I LOVE LONDON,12,2.1,17314,United Kingdom,25.2
542786,22137,BATHROOM SET LOVE HEART DESIGN,12,2.95,17314,United Kingdom,35.4
542789,47566,PARTY BUNTING,100,3.75,17511,United Kingdom,375.0
542789,22668,PINK BABY BUNTING,50,2.55,17511,United Kingdom,127.5
542789,47590A,BLUE HAPPY BIRTHDAY BUNTING,12,5.45,17511,United Kingdom,65.4
542789,47590B,PINK HAPPY BIRTHDAY BUNTING,12,5.45,17511,United Kingdom,65.4
542789,21755,LOVE BUILDING BLOCK WORD,18,5.45,17511,United Kingdom,98.1
542789,21754,HOME BUILDING BLOCK WORD,18,5.45,17511,United Kingdom,98.1
542789,21041,RED RETROSPOT OVEN GLOVE DOUBLE,12,2.95,17511,United Kingdom,35.4
542789,22722,SET OF 6 SPICE TINS PANTRY DESIGN,24,3.45,17511,United Kingdom,82.8
542789,82484,WOOD BLACK BOARD ANT WHITE FINISH,12,5.55,17511,United Kingdom,66.6
542789,22170,PICTURE FRAME WOOD TRIPLE PORTRAIT,12,5.95,17511,United Kingdom,71.4
542789,85123A,WHITE HANGING HEART T-LIGHT HOLDER,32,2.55,17511,United Kingdom,81.6
542789,21563,RED HEART SHAPE LOVE BUCKET,60,2.55,17511,United Kingdom,153.0
542789,21564,PINK  HEART SHAPE LOVE BUCKET,60,2.55,17511,United Kingdom,153.0
542789,22354,RETROSPOT PADDED SEAT CUSHION,30,3.39,17511,United Kingdom,101.7
542789,21430,SET/3 RED GINGHAM ROSE STORAGE BOX,24,3.39,17511,United Kingdom,81.36
542789,21484,CHICK GREY HOT WATER BOTTLE,36,2.95,17511,United Kingdom,106.2
542789,22970,LONDON BUS COFFEE MUG,36,2.1,17511,United Kingdom,75.6
542791,22624,IVORY KITCHEN SCALES,12,7.65,15039,United Kingdom,91.8
542795,21586,KINGS CHOICE GIANT TUBE MATCHES,12,2.55,18055,United Kingdom,30.6
542806,82494L,WOODEN FRAME ANTIQUE WHITE,12,2.95,12836,United Kingdom,35.4
542806,85123A,WHITE HANGING HEART T-LIGHT HOLDER,33,2.55,12836,United Kingdom,84.15
542812,22899,CHILDREN'S APRON DOLLY GIRL,12,2.1,14850,United Kingdom,25.2
542835,22470,HEART OF WICKER LARGE,12,2.95,13939,United Kingdom,35.4
542863,15044B,BLUE PAPER PARASOL,12,2.95,13494,United Kingdom,35.4
542872,72351A,SET/6 TURQUOISE BUTTERFLY T-LIGHTS,72,2.1,15939,United Kingdom,151.2
542872,72351B,SET/6 PINK  BUTTERFLY T-LIGHTS,72,2.1,15939,United Kingdom,151.2
542886,21613,S/12 VANILLA  BOTANICAL T-LIGHTS,12,2.95,16515,United Kingdom,35.4
542886,21609,SET 12 LAVENDER  BOTANICAL T-LIGHTS,12,2.95,16515,United Kingdom,35.4
542887,22326,ROUND SNACK BOXES SET OF4 WOODLAND,12,2.95,12373,Austria,35.4
542889,22090,PAPER BUNTING RETROSPOT,40,2.55,16422,United Kingdom,102.0
542890,22087,PAPER BUNTING WHITE LACE,40,2.55,15311,United Kingdom,102.0
542890,84509C,SET OF 4 POLKADOT PLACEMATS,24,2.95,15311,United Kingdom,70.8
542891,22667,RECIPE BOX RETROSPOT,24,2.55,16705,United Kingdom,61.2
542891,22467,GUMBALL COAT RACK,36,2.1,16705,United Kingdom,75.6
542891,85123A,WHITE HANGING HEART T-LIGHT HOLDER,64,2.55,16705,United Kingdom,163.2
542891,22188,BLACK HEART CARD HOLDER,36,3.39,16705,United Kingdom,122.04
542891,22456,NATURAL SLATE CHALKBOARD LARGE,18,4.25,16705,United Kingdom,76.5
542891,84792,ENCHANTED BIRD COATHANGER 5 HOOK,24,3.81,16705,United Kingdom,91.44
542891,82482,WOODEN PICTURE FRAME WHITE FINISH,72,2.1,16705,United Kingdom,151.2
542891,82494L,WOODEN FRAME ANTIQUE WHITE,48,2.55,16705,United Kingdom,122.4
542891,21658,GLASS  BEURRE DISH,24,3.39,16705,United Kingdom,81.36
542891,21137,BLACK RECORD COVER FRAME,24,3.39,16705,United Kingdom,81.36
542891,21535,RED RETROSPOT SMALL MILK JUG,12,2.55,16705,United Kingdom,30.6
542891,21533,RETROSPOT LARGE MILK JUG,12,4.25,16705,United Kingdom,51.0
542891,20914,SET/5 RED RETROSPOT LID GLASS BOWLS,32,2.55,16705,United Kingdom,81.6
542891,22960,JAM MAKING SET WITH JARS,12,3.75,16705,United Kingdom,45.0
542891,22722,SET OF 6 SPICE TINS PANTRY DESIGN,12,3.95,16705,United Kingdom,47.4
542891,22967,SET 3 SONG BIRD PAPER EGGS ASSORTED,24,2.95,16705,United Kingdom,70.8
542891,22328,ROUND SNACK BOXES SET OF 4 FRUITS,12,2.95,16705,United Kingdom,35.4
542893,22967,SET 3 SONG BIRD PAPER EGGS ASSORTED,12,2.95,18202,United Kingdom,35.4
542897,15056BL,EDWARDIAN PARASOL BLACK,33,5.95,15854,United Kingdom,196.35
542902,22457,NATURAL SLATE HEART CHALKBOARD,12,2.95,16011,United Kingdom,35.4
542904,15056BL,EDWARDIAN PARASOL BLACK,15,5.95,12682,France,89.25
542905,21908,CHOCOLATE THIS WAY METAL SIGN,12,2.1,12540,Spain,25.2
542907,22487,WHITE WOOD GARDEN PLANT LADDER,12,8.5,13854,United Kingdom,102.0
542907,21363,HOME SMALL WOOD LETTERS,15,4.95,13854,United Kingdom,74.25
542908,21733,RED HANGING HEART T-LIGHT HOLDER,12,2.95,13110,United Kingdom,35.4
542908,22804,CANDLEHOLDER PINK HANGING HEART,12,2.95,13110,United Kingdom,35.4
542908,85123A,WHITE HANGING HEART T-LIGHT HOLDER,12,2.95,13110,United Kingdom,35.4
542909,22171,3 HOOK PHOTO SHELF ANTIQUE WHITE,96,7.65,16716,United Kingdom,734.4
542911,47590B,PINK HAPPY BIRTHDAY BUNTING,21,5.45,12676,Sweden,114.45
542911,21380,WOODEN HAPPY BIRTHDAY GARLAND,18,2.95,12676,Sweden,53.1
542911,47590A,BLUE HAPPY BIRTHDAY BUNTING,21,5.45,12676,Sweden,114.45
542919,22379,RECYCLING BAG RETROSPOT,130,2.1,15971,United Kingdom,273.0
542919,22378,WALL TIDY RETROSPOT,70,2.1,15971,United Kingdom,147.0
542919,22377,BOTTLE BAG RETROSPOT,70,2.1,15971,United Kingdom,147.0
542920,22896,PEG BAG APPLES DESIGN,50,2.1,13629,United Kingdom,105.0
542922,22352,LUNCH BOX WITH CUTLERY RETROSPOT,12,2.55,12682,France,30.6
542922,15056BL,EDWARDIAN PARASOL BLACK,15,5.95,12682,France,89.25
542925,21314,SMALL GLASS HEART TRINKET POT,16,2.1,14457,United Kingdom,33.6
542926,22899,CHILDREN'S APRON DOLLY GIRL,36,2.1,12559,Germany,75.6
542927,22470,HEART OF WICKER LARGE,24,2.95,18198,United Kingdom,70.8
542928,22139,RETROSPOT TEA SET CERAMIC 11 PC,12,4.95,17863,United Kingdom,59.4
542928,22326,ROUND SNACK BOXES SET OF4 WOODLAND,12,2.95,17863,United Kingdom,35.4
542928,21201,TROPICAL  HONEYCOMB PAPER GARLAND,12,2.55,17863,United Kingdom,30.6
542930,21035,SET/2 RED RETROSPOT TEA TOWELS,12,2.95,14233,United Kingdom,35.4
542930,20914,SET/5 RED RETROSPOT LID GLASS BOWLS,12,2.95,14233,United Kingdom,35.4
542930,21115,ROSE CARAVAN DOORSTOP,16,5.95,14233,United Kingdom,95.2
542932,22090,PAPER BUNTING RETROSPOT,12,2.95,13089,United Kingdom,35.4
542932,22088,PAPER BUNTING COLOURED LACE,12,2.95,13089,United Kingdom,35.4
542932,22087,PAPER BUNTING WHITE LACE,12,2.95,13089,United Kingdom,35.4
542932,22084,PAPER CHAIN KIT EMPIRE,12,2.95,13089,United Kingdom,35.4
542932,22083,PAPER CHAIN KIT RETROSPOT,12,2.95,13089,United Kingdom,35.4
542932,85123A,WHITE HANGING HEART T-LIGHT HOLDER,32,2.55,13089,United Kingdom,81.6
542932,84406B,CREAM CUPID HEARTS COAT HANGER,16,3.25,13089,United Kingdom,52.0
542932,82482,WOODEN PICTURE FRAME WHITE FINISH,12,2.55,13089,United Kingdom,30.6
542932,22457,NATURAL SLATE HEART CHALKBOARD,12,2.95,13089,United Kingdom,35.4
542932,22441,GROW YOUR OWN BASIL IN ENAMEL MUG,16,2.1,13089,United Kingdom,33.6
542932,21733,RED HANGING HEART T-LIGHT HOLDER,12,2.95,13089,United Kingdom,35.4
542932,82494L,WOODEN FRAME ANTIQUE WHITE,12,2.95,13089,United Kingdom,35.4
542932,82483,WOOD 2 DRAWER CABINET WHITE FINISH,16,4.95,13089,United Kingdom,79.2
542933,22624,IVORY KITCHEN SCALES,12,7.65,14411,United Kingdom,91.8
542933,22627,MINT KITCHEN SCALES,12,7.65,14411,United Kingdom,91.8
542933,22722,SET OF 6 SPICE TINS PANTRY DESIGN,24,3.45,14411,United Kingdom,82.8
542933,84375,SET OF 20 KIDS COOKIE CUTTERS,48,2.1,14411,United Kingdom,100.8
542933,22842,BISCUIT TIN VINTAGE RED,12,5.95,14411,United Kingdom,71.4
542933,22843,BISCUIT TIN VINTAGE GREEN,12,5.95,14411,United Kingdom,71.4
542933,22841,ROUND CAKE TIN VINTAGE GREEN,12,6.95,14411,United Kingdom,83.4
542933,22840,ROUND CAKE TIN VINTAGE RED,12,6.95,14411,United Kingdom,83.4
542933,22960,JAM MAKING SET WITH JARS,12,3.75,14411,United Kingdom,45.0
542933,22720,SET OF 3 CAKE TINS PANTRY DESIGN,24,4.25,14411,United Kingdom,102.0
542934,22381,TOY TIDY PINK POLKADOT,15,2.1,13093,United Kingdom,31.5
542934,22379,RECYCLING BAG RETROSPOT,25,2.1,13093,United Kingdom,52.5
542934,21155,RED RETROSPOT PEG BAG,12,2.1,13093,United Kingdom,25.2
542934,85123A,WHITE HANGING HEART T-LIGHT HOLDER,32,2.55,13093,United Kingdom,81.6
542944,22584,PACK OF 6 PANNETONE GIFT BOXES,30,2.55,17560,United Kingdom,76.5
542989,22641,SET OF 4 NAPKIN CHARMS INSTRUMENT,12,2.55,15226,United Kingdom,30.6
542989,22642,SET OF 4 NAPKIN CHARMS STARS,12,2.55,15226,United Kingdom,30.6
542993,22083,PAPER CHAIN KIT RETROSPOT,12,2.95,16156,United Kingdom,35.4
542994,85123A,WHITE HANGING HEART T-LIGHT HOLDER,64,2.55,17230,United Kingdom,163.2
542994,22423,REGENCY CAKESTAND 3 TIER,16,10.95,17230,United Kingdom,175.2
542996,22822,CREAM WALL PLANTER HEART SHAPED,16,4.95,15046,United Kingdom,79.2
542996,22078,RIBBON REEL LACE DESIGN,20,2.1,15046,United Kingdom,42.0
543002,82599,FANNY'S REST STOPMETAL SIGN,12,2.1,13491,United Kingdom,25.2
543006,82483,WOOD 2 DRAWER CABINET WHITE FINISH,16,4.95,17975,United Kingdom,79.2
543006,21754,HOME BUILDING BLOCK WORD,18,5.45,17975,United Kingdom,98.1
543008,85174,S/4 CACTI CANDLES,16,4.25,13824,United Kingdom,68.0
543008,84997D,PINK 3 PIECE POLKADOT CUTLERY SET,12,3.75,13824,United Kingdom,45.0
543008,84997C,BLUE 3 PIECE POLKADOT CUTLERY SET,12,3.75,13824,United Kingdom,45.0
543008,22101,MIRROR MOSAIC VOTIVE HOLDER,12,2.1,13824,United Kingdom,25.2
543010,84375,SET OF 20 KIDS COOKIE CUTTERS,12,2.1,18250,United Kingdom,25.2
543011,22457,NATURAL SLATE HEART CHALKBOARD,18,2.95,15270,United Kingdom,53.1
543011,85123A,WHITE HANGING HEART T-LIGHT HOLDER,24,2.95,15270,United Kingdom,70.8
543011,21733,RED HANGING HEART T-LIGHT HOLDER,12,2.95,15270,United Kingdom,35.4
543011,22470,HEART OF WICKER LARGE,12,2.95,15270,United Kingdom,35.4
543015,22379,RECYCLING BAG RETROSPOT,20,2.1,14188,United Kingdom,42.0
543015,22664,TOY TIDY DOLLY GIRL DESIGN,20,2.1,14188,United Kingdom,42.0
543015,22380,TOY TIDY SPACEBOY,20,2.1,14188,United Kingdom,42.0
543021,21181,PLEASE ONE PERSON METAL SIGN,12,2.1,15421,United Kingdom,25.2
543022,72800E,4 IVORY DINNER CANDLES SILVER FLOCK,12,2.1,16771,United Kingdom,25.2
543023,22470,HEART OF WICKER LARGE,12,2.95,15270,United Kingdom,35.4
543023,22457,NATURAL SLATE HEART CHALKBOARD,12,2.95,15270,United Kingdom,35.4
543023,21733,RED HANGING HEART T-LIGHT HOLDER,12,2.95,15270,United Kingdom,35.4
543023,85123A,WHITE HANGING HEART T-LIGHT HOLDER,12,2.95,15270,United Kingdom,35.4
543024,22041,"\"RECORD FRAME 7\"\" SINGLE SIZE \"",36,2.1,13777,United Kingdom,75.6
543024,85123A,WHITE HANGING HEART T-LIGHT HOLDER,24,2.55,13777,United Kingdom,61.2
543029,21137,BLACK RECORD COVER FRAME,72,3.39,13576,United Kingdom,244.08
543029,82001S,VINYL RECORD FRAME SILVER,24,3.39,13576,United Kingdom,81.36
543033,79321,CHILLI LIGHTS,24,4.25,17841,United Kingdom,102.0
543037,21908,CHOCOLATE THIS WAY METAL SIGN,12,2.1,12350,Norway,25.2
543037,22412,METAL SIGN NEIGHBOURHOOD WITCH,12,2.1,12350,Norway,25.2
543037,21864,UNION JACK FLAG PASSPORT COVER,12,2.1,12350,Norway,25.2
543037,20615,BLUE POLKADOT PASSPORT COVER,12,2.1,12350,Norway,25.2
543038,20914,SET/5 RED RETROSPOT LID GLASS BOWLS,12,2.95,14735,United Kingdom,35.4
543040,22087,PAPER BUNTING WHITE LACE,13,2.95,17337,United Kingdom,38.35
543044,82600,NO SINGING METAL SIGN,12,2.1,17071,United Kingdom,25.2
543047,22041,"\"RECORD FRAME 7\"\" SINGLE SIZE \"",96,2.1,16210,United Kingdom,201.6
543047,21137,BLACK RECORD COVER FRAME,480,3.39,16210,United Kingdom,1627.2
543048,20679,EDWARDIAN PARASOL RED,12,5.95,12600,Germany,71.4
543048,85014B,RED RETROSPOT UMBRELLA,48,4.95,12600,Germany,237.6
543053,22303,COFFEE MUG APPLES DESIGN,12,2.55,17362,United Kingdom,30.6
543054,22300,COFFEE MUG DOG + BALL DESIGN,36,2.1,13394,United Kingdom,75.6
543054,22083,PAPER CHAIN KIT RETROSPOT,12,2.95,13394,United Kingdom,35.4
543056,22649,STRAWBERRY FAIRY CAKE TEAPOT,16,4.95,12471,Germany,79.2
543056,22728,ALARM CLOCK BAKELIKE PINK,12,3.75,12471,Germany,45.0
543056,22423,REGENCY CAKESTAND 3 TIER,32,10.95,12471,Germany,350.4
543056,22720,SET OF 3 CAKE TINS PANTRY DESIGN,12,4.95,12471,Germany,59.4
543098,22970,LONDON BUS COFFEE MUG,12,2.55,13102,United Kingdom,30.6
543099,22766,PHOTO FRAME CORNICE,96,2.55,16684,United Kingdom,244.8
543099,22971,QUEENS GUARD COFFEE MUG,72,2.1,16684,United Kingdom,151.2
543099,22970,LONDON BUS COFFEE MUG,72,2.1,16684,United Kingdom,151.2
543099,22697,GREEN REGENCY TEACUP AND SAUCER,72,2.55,16684,United Kingdom,183.6
543099,22698,PINK REGENCY TEACUP AND SAUCER,72,2.55,16684,United Kingdom,183.6
543099,22699,ROSES REGENCY TEACUP AND SAUCER,72,2.55,16684,United Kingdom,183.6
543099,21844,RED RETROSPOT MUG,72,2.55,16684,United Kingdom,183.6
543099,22900,SET 2 TEA TOWELS I LOVE LONDON,100,2.55,16684,United Kingdom,255.0
543099,22423,REGENCY CAKESTAND 3 TIER,16,10.95,16684,United Kingdom,175.2
543099,21527,RED RETROSPOT TRADITIONAL TEAPOT,48,6.95,16684,United Kingdom,333.6
543099,22360,GLASS JAR ENGLISH CONFECTIONERY,48,2.55,16684,United Kingdom,122.4
543099,22730,ALARM CLOCK BAKELIKE IVORY,50,3.39,16684,United Kingdom,169.5
543099,22728,ALARM CLOCK BAKELIKE PINK,50,3.39,16684,United Kingdom,169.5
543099,22727,ALARM CLOCK BAKELIKE RED,50,3.39,16684,United Kingdom,169.5
543099,22725,ALARM CLOCK BAKELIKE CHOCOLATE,50,3.39,16684,United Kingdom,169.5
543106,22698,PINK REGENCY TEACUP AND SAUCER,12,2.95,15658,United Kingdom,35.4
543106,22699,ROSES REGENCY TEACUP AND SAUCER,12,2.95,15658,United Kingdom,35.4
543106,22697,GREEN REGENCY TEACUP AND SAUCER,12,2.95,15658,United Kingdom,35.4
543107,85032A,ROMANTIC IMAGES GIFT WRAP SET,12,2.1,13800,United Kingdom,25.2
543113,84969,BOX OF 6 ASSORTED COLOUR TEASPOONS,12,4.25,13047,United Kingdom,51.0
543114,85123A,WHITE HANGING HEART T-LIGHT HOLDER,32,2.55,14156,EIRE,81.6
543114,21844,RED RETROSPOT MUG,12,2.95,14156,EIRE,35.4
543116,22960,JAM MAKING SET WITH JARS,12,3.75,17672,United Kingdom,45.0
543116,22777,GLASS CLOCHE LARGE,12,7.65,17672,United Kingdom,91.8
543116,22470,HEART OF WICKER LARGE,24,2.95,17672,United Kingdom,70.8
543116,82482,WOODEN PICTURE FRAME WHITE FINISH,12,2.55,17672,United Kingdom,30.6
543116,82494L,WOODEN FRAME ANTIQUE WHITE,12,2.95,17672,United Kingdom,35.4
543116,22776,SWEETHEART CAKESTAND 3 TIER,12,8.5,17672,United Kingdom,102.0
543116,22457,NATURAL SLATE HEART CHALKBOARD,12,2.95,17672,United Kingdom,35.4
543116,22456,NATURAL SLATE CHALKBOARD LARGE,12,4.95,17672,United Kingdom,59.4
543116,21621,VINTAGE UNION JACK BUNTING,12,8.5,17672,United Kingdom,102.0
543121,21481,FAWN BLUE HOT WATER BOTTLE,12,2.95,12662,Germany,35.4
543122,21864,UNION JACK FLAG PASSPORT COVER,12,2.1,13819,United Kingdom,25.2
543161,84375,SET OF 20 KIDS COOKIE CUTTERS,12,2.1,14497,United Kingdom,25.2
543163,79321,CHILLI LIGHTS,24,4.95,16353,United Kingdom,118.8
543166,22698,PINK REGENCY TEACUP AND SAUCER,12,2.95,13488,United Kingdom,35.4
543167,85036A,GARDENIA 1 WICK MORRIS BOXED CANDLE,36,3.81,17457,United Kingdom,137.16
543167,21609,SET 12 LAVENDER  BOTANICAL T-LIGHTS,24,2.95,17457,United Kingdom,70.8
543169,21428,SET3 BOOK BOX GREEN GINGHAM FLOWER,32,3.75,13694,United Kingdom,120.0
543169,21430,SET/3 RED GINGHAM ROSE STORAGE BOX,48,3.39,13694,United Kingdom,162.72
543170,22745,POPPY'S PLAYHOUSE BEDROOM,12,2.1,17334,United Kingdom,25.2
543170,22748,POPPY'S PLAYHOUSE KITCHEN,12,2.1,17334,United Kingdom,25.2
543170,22746,POPPY'S PLAYHOUSE LIVINGROOM,12,2.1,17334,United Kingdom,25.2
543170,22910,PAPER CHAIN KIT VINTAGE CHRISTMAS,12,2.95,17334,United Kingdom,35.4
543173,21314,SMALL GLASS HEART TRINKET POT,24,2.1,13871,United Kingdom,50.4
543174,21559,STRAWBERRY LUNCH BOX WITH CUTLERY,12,2.55,16938,United Kingdom,30.6
543174,85123A,WHITE HANGING HEART T-LIGHT HOLDER,12,2.95,16938,United Kingdom,35.4
543184,21430,SET/3 RED GINGHAM ROSE STORAGE BOX,12,3.75,16525,United Kingdom,45.0
543184,82494L,WOODEN FRAME ANTIQUE WHITE,24,2.55,16525,United Kingdom,61.2
543184,82482,WOODEN PICTURE FRAME WHITE FINISH,36,2.1,16525,United Kingdom,75.6
543186,21755,LOVE BUILDING BLOCK WORD,18,5.45,17929,United Kingdom,98.1
543186,21754,HOME BUILDING BLOCK WORD,18,5.45,17929,United Kingdom,98.1
543187,22960,JAM MAKING SET WITH JARS,12,3.75,14778,United Kingdom,45.0
543187,22904,CALENDAR PAPER CUT DESIGN,12,2.95,14778,United Kingdom,35.4
543188,84012,MAGIC SHEEP WOOL GROWING FROM PAPER,12,2.55,12567,France,30.6
543192,22619,SET OF 6 SOLDIER SKITTLES,30,3.39,17381,United Kingdom,101.7
543193,21530,DAIRY MAID TOASTRACK,12,2.95,13725,United Kingdom,35.4
543197,22933,BAKING MOULD EASTER EGG MILK CHOC,12,2.95,12842,United Kingdom,35.4
543197,22087,PAPER BUNTING WHITE LACE,12,2.95,12842,United Kingdom,35.4
543198,22957,SET 3 PAPER VINTAGE CHICK PAPER EGG,48,2.55,16109,United Kingdom,122.4
543198,22236,CAKE STAND 3 TIER MAGIC GARDEN,12,10.95,16109,United Kingdom,131.4
543198,85184C,S/4 VALENTINE DECOUPAGE HEART BOX,24,2.55,16109,United Kingdom,61.2
543199,85123A,WHITE HANGING HEART T-LIGHT HOLDER,12,2.95,13102,United Kingdom,35.4
543202,22777,GLASS CLOCHE LARGE,72,7.65,17291,United Kingdom,550.8
543214,22720,SET OF 3 CAKE TINS PANTRY DESIGN,24,4.25,12779,Poland,102.0
543214,22722,SET OF 6 SPICE TINS PANTRY DESIGN,24,3.45,12779,Poland,82.8
543214,22989,SET 2 PANTRY DESIGN TEA TOWELS,12,3.25,12779,Poland,39.0
543232,22766,PHOTO FRAME CORNICE,20,2.95,13113,United Kingdom,59.0
543232,47566,PARTY BUNTING,50,4.15,13113,United Kingdom,207.5
543232,22501,PICNIC BASKET WICKER LARGE,16,8.5,13113,United Kingdom,136.0
543232,22423,REGENCY CAKESTAND 3 TIER,16,10.95,13113,United Kingdom,175.2
543243,47590A,BLUE HAPPY BIRTHDAY BUNTING,12,5.45,15199,United Kingdom,65.4
543243,22668,PINK BABY BUNTING,100,2.55,15199,United Kingdom,255.0
543247,22207,FRYING PAN UNION FLAG,24,3.75,16029,United Kingdom,90.0
543248,22780,LIGHT GARLAND BUTTERFILES PINK,48,3.37,16029,United Kingdom,161.76
543251,21181,PLEASE ONE PERSON METAL SIGN,12,2.1,14194,United Kingdom,25.2
543252,79321,CHILLI LIGHTS,24,4.95,17685,United Kingdom,118.8
543274,20829,GLITTER HANGING BUTTERFLY STRING,16,2.1,17392,United Kingdom,33.6
543276,22721,SET OF 3 CAKE TINS SKETCHBOOK,24,4.25,16525,United Kingdom,102.0
543276,22863,SOAP DISH BROCANTE,48,2.55,16525,United Kingdom,122.4
543276,22796,PHOTO FRAME 3 CLASSIC HANGING,12,8.5,16525,United Kingdom,102.0
543276,22767,TRIPLE PHOTO FRAME CORNICE,16,8.5,16525,United Kingdom,136.0
543276,22173,METAL 4 HOOK HANGER FRENCH CHATEAU,32,2.55,16525,United Kingdom,81.6
543276,22507,MEMO BOARD RETROSPOT  DESIGN,16,4.25,16525,United Kingdom,68.0
543276,82483,WOOD 2 DRAWER CABINET WHITE FINISH,16,5.95,16525,United Kingdom,95.2
543276,85123A,WHITE HANGING HEART T-LIGHT HOLDER,32,2.55,16525,United Kingdom,81.6
543277,47566,PARTY BUNTING,12,4.95,15808,United Kingdom,59.4
543284,22834,HAND WARMER BABUSHKA DESIGN,12,2.1,14410,United Kingdom,25.2
543286,22720,SET OF 3 CAKE TINS PANTRY DESIGN,24,4.25,14952,United Kingdom,102.0
543286,22965,3 TRADITIONAl BISCUIT CUTTERS  SET,12,2.1,14952,United Kingdom,25.2
543286,22722,SET OF 6 SPICE TINS PANTRY DESIGN,24,3.45,14952,United Kingdom,82.8
543286,22666,RECIPE BOX PANTRY YELLOW DESIGN,24,2.55,14952,United Kingdom,61.2
543286,22989,SET 2 PANTRY DESIGN TEA TOWELS,24,2.95,14952,United Kingdom,70.8
543286,84375,SET OF 20 KIDS COOKIE CUTTERS,24,2.1,14952,United Kingdom,50.4
543286,22990,COTTON APRON PANTRY DESIGN,12,4.95,14952,United Kingdom,59.4
543286,22960,JAM MAKING SET WITH JARS,24,3.75,14952,United Kingdom,90.0
543286,22935,BAKING MOULD ROSE MILK CHOCOLATE,12,3.25,14952,United Kingdom,39.0
543286,22933,BAKING MOULD EASTER EGG MILK CHOC,24,2.95,14952,United Kingdom,70.8
543286,22930,BAKING MOULD HEART MILK CHOCOLATE,24,2.55,14952,United Kingdom,61.2
543286,22932,BAKING MOULD TOFFEE CUP CHOCOLATE,24,2.55,14952,United Kingdom,61.2
543287,21380,WOODEN HAPPY BIRTHDAY GARLAND,12,2.95,16422,United Kingdom,35.4
543287,22090,PAPER BUNTING RETROSPOT,40,2.55,16422,United Kingdom,102.0
543287,47566B,TEA TIME PARTY BUNTING,25,4.95,16422,United Kingdom,123.75
543287,47590A,BLUE HAPPY BIRTHDAY BUNTING,50,4.65,16422,United Kingdom,232.5
543288,22902,TOTE BAG I LOVE LONDON,12,2.1,17302,United Kingdom,25.2
543293,21908,CHOCOLATE THIS WAY METAL SIGN,12,2.1,17613,United Kingdom,25.2
543300,85123A,WHITE HANGING HEART T-LIGHT HOLDER,32,2.55,13334,United Kingdom,81.6
543300,22300,COFFEE MUG DOG + BALL DESIGN,12,2.55,13334,United Kingdom,30.6
543300,84375,SET OF 20 KIDS COOKIE CUTTERS,12,2.1,13334,United Kingdom,25.2
543354,21174,POTTERING IN THE SHED METAL SIGN,12,2.08,13458,United Kingdom,24.96
543354,79321,CHILLI LIGHTS,12,5.75,13458,United Kingdom,69.0
543354,22470,HEART OF WICKER LARGE,30,2.95,13458,United Kingdom,88.5
543359,72351B,SET/6 PINK  BUTTERFLY T-LIGHTS,12,2.1,16332,United Kingdom,25.2
543367,85123A,WHITE HANGING HEART T-LIGHT HOLDER,12,2.95,18225,United Kingdom,35.4
543367,21181,PLEASE ONE PERSON METAL SIGN,12,2.1,18225,United Kingdom,25.2
543372,22087,PAPER BUNTING WHITE LACE,18,2.95,16321,Australia,53.1
543376,22087,PAPER BUNTING WHITE LACE,18,2.95,16321,Australia,53.1
543378,22189,CREAM HEART CARD HOLDER,504,2.31,18102,United Kingdom,1164.24
543378,21623,VINTAGE UNION JACK MEMOBOARD,504,6.38,18102,United Kingdom,3215.52
543379,82484,WOOD BLACK BOARD ANT WHITE FINISH,204,4.77,18102,United Kingdom,973.08
543379,22507,MEMO BOARD RETROSPOT  DESIGN,208,3.86,18102,United Kingdom,802.88
543379,22189,CREAM HEART CARD HOLDER,504,2.31,18102,United Kingdom,1164.24
543379,21623,VINTAGE UNION JACK MEMOBOARD,504,6.38,18102,United Kingdom,3215.52
543382,22970,LONDON BUS COFFEE MUG,12,2.55,14030,United Kingdom,30.6
543382,22971,QUEENS GUARD COFFEE MUG,12,2.55,14030,United Kingdom,30.6
543387,22328,ROUND SNACK BOXES SET OF 4 FRUITS,48,2.55,14646,Netherlands,122.4
543387,22326,ROUND SNACK BOXES SET OF4 WOODLAND,48,2.55,14646,Netherlands,122.4
543392,22666,RECIPE BOX PANTRY YELLOW DESIGN,48,2.55,16839,United Kingdom,122.4
543392,22352,LUNCH BOX WITH CUTLERY RETROSPOT,60,2.1,16839,United Kingdom,126.0
543392,21533,RETROSPOT LARGE MILK JUG,12,4.25,16839,United Kingdom,51.0
543394,85123A,WHITE HANGING HEART T-LIGHT HOLDER,96,2.55,15797,United Kingdom,244.8
543394,22723,SET OF 6 HERB TINS SKETCHBOOK,96,3.45,15797,United Kingdom,331.2
543394,22721,SET OF 3 CAKE TINS SKETCHBOOK,96,4.25,15797,United Kingdom,408.0
543394,22665,RECIPE BOX BLUE SKETCHBOOK DESIGN,96,2.55,15797,United Kingdom,244.8
543396,22457,NATURAL SLATE HEART CHALKBOARD,18,2.95,15189,United Kingdom,53.1
543400,22379,RECYCLING BAG RETROSPOT,19,2.1,14688,United Kingdom,39.9
543411,82583,HOT BATHS METAL SIGN,12,2.1,12576,Poland,25.2
543413,85123A,WHITE HANGING HEART T-LIGHT HOLDER,32,2.55,13098,United Kingdom,81.6
543413,21733,RED HANGING HEART T-LIGHT HOLDER,32,2.55,13098,United Kingdom,81.6
543413,20914,SET/5 RED RETROSPOT LID GLASS BOWLS,32,2.55,13098,United Kingdom,81.6
543428,21181,PLEASE ONE PERSON METAL SIGN,12,2.1,17787,United Kingdom,25.2
543447,21586,KINGS CHOICE GIANT TUBE MATCHES,12,2.55,16265,United Kingdom,30.6
543449,22470,HEART OF WICKER LARGE,12,2.95,16553,United Kingdom,35.4
543449,22224,WHITE LOVEBIRD LANTERN,24,2.95,16553,United Kingdom,70.8
543452,22967,SET 3 SONG BIRD PAPER EGGS ASSORTED,12,2.95,16037,United Kingdom,35.4
543452,22933,BAKING MOULD EASTER EGG MILK CHOC,12,2.95,16037,United Kingdom,35.4
543462,21908,CHOCOLATE THIS WAY METAL SIGN,12,2.1,17655,United Kingdom,25.2
543462,21903,MAN FLU METAL SIGN,12,2.1,17655,United Kingdom,25.2
543462,85152,HAND OVER THE CHOCOLATE   SIGN,12,2.1,17655,United Kingdom,25.2
543462,21166,COOK WITH WINE METAL SIGN,12,2.08,17655,United Kingdom,24.96
543463,22778,GLASS CLOCHE SMALL,24,3.39,15311,United Kingdom,81.36
543464,21216,"SET 3 RETROSPOT TEA,COFFEE,SUGAR",24,4.25,16779,United Kingdom,102.0
543464,21218,RED SPOTTY BISCUIT TIN,24,3.25,16779,United Kingdom,78.0
543466,21658,GLASS  BEURRE DISH,24,3.39,16713,United Kingdom,81.36
543470,22957,SET 3 PAPER VINTAGE CHICK PAPER EGG,12,2.95,16951,United Kingdom,35.4
543470,22967,SET 3 SONG BIRD PAPER EGGS ASSORTED,12,2.95,16951,United Kingdom,35.4
543470,84375,SET OF 20 KIDS COOKIE CUTTERS,12,2.1,16951,United Kingdom,25.2
543476,72349B,SET/6 PURPLE BUTTERFLY T-LIGHTS,12,2.1,13050,United Kingdom,25.2
543478,21175,GIN + TONIC DIET METAL SIGN,48,2.08,13798,United Kingdom,99.84
543478,21936,RED RETROSPOT PICNIC BAG,50,2.55,13798,United Kingdom,127.5
543478,37449,CERAMIC CAKE STAND + HANGING CAKES,16,8.5,13798,United Kingdom,136.0
543479,22371,AIRLINE BAG VINTAGE TOKYO 78,24,3.75,16998,United Kingdom,90.0
543482,84792,ENCHANTED BIRD COATHANGER 5 HOOK,12,4.65,17881,United Kingdom,55.8
543507,22722,SET OF 6 SPICE TINS PANTRY DESIGN,24,3.45,15039,United Kingdom,82.8
543518,21717,EASTER TIN BUCKET,32,2.1,12753,Japan,67.2
543518,22957,SET 3 PAPER VINTAGE CHICK PAPER EGG,48,2.55,12753,Japan,122.4
543518,22654,DELUXE SEWING KIT,40,4.95,12753,Japan,198.0
543518,21259,VICTORIAN SEWING BOX SMALL,24,4.95,12753,Japan,118.8
543518,22668,PINK BABY BUNTING,50,2.55,12753,Japan,127.5
543518,22669,RED BABY BUNTING,50,2.55,12753,Japan,127.5
543518,47566B,TEA TIME PARTY BUNTING,50,3.75,12753,Japan,187.5
543518,85232A,SET/3 POLKADOT STACKING TINS,24,4.25,12753,Japan,102.0
543518,85032A,ROMANTIC IMAGES GIFT WRAP SET,48,2.1,12753,Japan,100.8
543518,85032B,BLOSSOM IMAGES GIFT WRAP SET,48,2.1,12753,Japan,100.8
543518,85032C,CURIOUS IMAGES GIFT WRAP SET,48,2.1,12753,Japan,100.8
543518,22623,BOX OF VINTAGE JIGSAW BLOCKS,60,4.25,12753,Japan,255.0
543518,20902,VINTAGE KEEPSAKE BOX PARIS DAYS,24,5.55,12753,Japan,133.2
543518,85232D,SET/3 DECOUPAGE STACKING TINS,24,4.25,12753,Japan,102.0
543518,22378,WALL TIDY RETROSPOT,30,2.1,12753,Japan,63.0
543518,47566,PARTY BUNTING,100,3.75,12753,Japan,375.0
543518,22090,PAPER BUNTING RETROSPOT,40,2.55,12753,Japan,102.0
543518,22088,PAPER BUNTING COLOURED LACE,80,2.55,12753,Japan,204.0
543518,22087,PAPER BUNTING WHITE LACE,40,2.55,12753,Japan,102.0
543518,21218,RED SPOTTY BISCUIT TIN,72,3.25,12753,Japan,234.0
543518,22073,RED RETROSPOT STORAGE JAR,32,3.39,12753,Japan,108.48
543518,20750,RED RETROSPOT MINI CASES,24,6.35,12753,Japan,152.4
543518,21217,RED RETROSPOT ROUND CAKE TINS,24,8.95,12753,Japan,214.8
543518,21216,"SET 3 RETROSPOT TEA,COFFEE,SUGAR",48,4.25,12753,Japan,204.0
543519,84997A,GREEN 3 PIECE POLKADOT CUTLERY SET,24,4.15,17083,United Kingdom,99.6
543519,84997D,PINK 3 PIECE POLKADOT CUTLERY SET,24,4.15,17083,United Kingdom,99.6
543519,84997B,RED 3 PIECE RETROSPOT CUTLERY SET,24,4.15,17083,United Kingdom,99.6
543527,84997A,GREEN 3 PIECE POLKADOT CUTLERY SET,12,4.15,15970,United Kingdom,49.8
543527,84997B,RED 3 PIECE RETROSPOT CUTLERY SET,12,4.15,15970,United Kingdom,49.8
543527,84997C,BLUE 3 PIECE POLKADOT CUTLERY SET,12,4.15,15970,United Kingdom,49.8
543527,84997D,PINK 3 PIECE POLKADOT CUTLERY SET,12,4.15,15970,United Kingdom,49.8
543534,82494L,WOODEN FRAME ANTIQUE WHITE,24,2.55,13590,United Kingdom,61.2
543534,82482,WOODEN PICTURE FRAME WHITE FINISH,36,2.1,13590,United Kingdom,75.6
543535,20751,FUNKY WASHING UP GLOVES ASSORTED,12,2.1,17537,United Kingdom,25.2
543535,21108,FAIRY CAKE FLANNEL ASSORTED COLOUR,12,2.55,17537,United Kingdom,30.6
543535,22895,SET OF 2 TEA TOWELS APPLE AND PEARS,12,2.95,17537,United Kingdom,35.4
543535,84659A,WHITE TRAVEL ALARM CLOCK,12,2.55,17537,United Kingdom,30.6
543539,22426,ENAMEL WASH BOWL CREAM,32,2.95,17757,United Kingdom,94.4
543540,22902,TOTE BAG I LOVE LONDON,12,2.1,17412,United Kingdom,25.2
543542,22722,SET OF 6 SPICE TINS PANTRY DESIGN,16,3.95,16607,United Kingdom,63.2
543548,22300,COFFEE MUG DOG + BALL DESIGN,12,2.55,13706,United Kingdom,30.6
543548,22301,COFFEE MUG CAT + BIRD DESIGN,12,2.55,13706,United Kingdom,30.6
543550,82494L,WOODEN FRAME ANTIQUE WHITE,12,2.95,12601,Germany,35.4
543554,22470,HEART OF WICKER LARGE,40,2.55,14733,United Kingdom,102.0
543555,84375,SET OF 20 KIDS COOKIE CUTTERS,12,2.1,17686,United Kingdom,25.2
543555,85123A,WHITE HANGING HEART T-LIGHT HOLDER,32,2.55,17686,United Kingdom,81.6
543555,22470,HEART OF WICKER LARGE,12,2.95,17686,United Kingdom,35.4
543565,85150,LADIES & GENTLEMEN METAL SIGN,12,2.55,14431,United Kingdom,30.6
543565,82582,AREA PATROLLED METAL SIGN,12,2.1,14431,United Kingdom,25.2
543565,21181,PLEASE ONE PERSON METAL SIGN,12,2.1,14431,United Kingdom,25.2
543565,21175,GIN + TONIC DIET METAL SIGN,12,2.55,14431,United Kingdom,30.6
543565,21166,COOK WITH WINE METAL SIGN,12,2.08,14431,United Kingdom,24.96
543588,22550,HOLIDAY FUN LUDO,216,3.39,17381,United Kingdom,732.24
543590,22989,SET 2 PANTRY DESIGN TEA TOWELS,25,3.25,17377,United Kingdom,81.25
543591,22423,REGENCY CAKESTAND 3 TIER,16,10.95,13854,United Kingdom,175.2
543591,22778,GLASS CLOCHE SMALL,24,3.39,13854,United Kingdom,81.36
543593,47599A,PINK PARTY BAGS,24,2.1,14465,United Kingdom,50.4
543593,47599B,BLUE PARTY BAGS,24,2.1,14465,United Kingdom,50.4
543593,47566B,TEA TIME PARTY BUNTING,30,4.95,14465,United Kingdom,148.5
543593,47566,PARTY BUNTING,30,4.95,14465,United Kingdom,148.5
543593,47590B,PINK HAPPY BIRTHDAY BUNTING,30,5.45,14465,United Kingdom,163.5
543594,22303,COFFEE MUG APPLES DESIGN,36,2.1,18093,United Kingdom,75.6
543594,22302,COFFEE MUG PEARS  DESIGN,36,2.1,18093,United Kingdom,75.6
543594,22970,LONDON BUS COFFEE MUG,36,2.1,18093,United Kingdom,75.6
543594,22971,QUEENS GUARD COFFEE MUG,36,2.1,18093,United Kingdom,75.6
543594,22301,COFFEE MUG CAT + BIRD DESIGN,36,2.1,18093,United Kingdom,75.6
543594,22960,JAM MAKING SET WITH JARS,12,3.75,18093,United Kingdom,45.0
543594,22584,PACK OF 6 PANNETONE GIFT BOXES,24,2.55,18093,United Kingdom,61.2
543597,21533,RETROSPOT LARGE MILK JUG,12,4.25,12857,United Kingdom,51.0
543598,21181,PLEASE ONE PERSON METAL SIGN,12,2.1,18230,United Kingdom,25.2
543598,48138,DOORMAT UNION FLAG,12,6.75,18230,United Kingdom,81.0
543598,21864,UNION JACK FLAG PASSPORT COVER,12,2.1,18230,United Kingdom,25.2
543598,21175,GIN + TONIC DIET METAL SIGN,12,2.55,18230,United Kingdom,30.6
543598,21174,POTTERING IN THE SHED METAL SIGN,12,2.08,18230,United Kingdom,24.96
543598,22412,METAL SIGN NEIGHBOURHOOD WITCH,18,2.1,18230,United Kingdom,37.8
543612,15056N,EDWARDIAN PARASOL NATURAL,60,4.95,16711,United Kingdom,297.0
543618,85152,HAND OVER THE CHOCOLATE   SIGN,12,2.1,13468,United Kingdom,25.2
543623,22784,LANTERN CREAM GAZEBO,16,4.25,16405,United Kingdom,68.0
543625,22326,ROUND SNACK BOXES SET OF4 WOODLAND,12,2.95,12583,France,35.4
543626,82482,WOODEN PICTURE FRAME WHITE FINISH,12,2.55,15796,United Kingdom,30.6
543626,85123A,WHITE HANGING HEART T-LIGHT HOLDER,12,2.95,15796,United Kingdom,35.4
543649,21523,DOORMAT FANCY FONT HOME SWEET HOME,36,6.75,17809,United Kingdom,243.0
543649,22624,IVORY KITCHEN SCALES,48,7.65,17809,United Kingdom,367.2
543650,22041,"\"RECORD FRAME 7\"\" SINGLE SIZE \"",36,2.55,12980,United Kingdom,91.8
543650,84078A,SET/4 WHITE RETRO STORAGE CUBES,20,34.95,12980,United Kingdom,699.0
543657,22499,WOODEN UNION JACK BUNTING,12,5.95,15133,United Kingdom,71.4
543657,84509A,SET OF 4 ENGLISH ROSE PLACEMATS,12,3.75,15133,United Kingdom,45.0
543657,21888,BINGO SET,24,3.75,15133,United Kingdom,90.0
543658,84997B,RED 3 PIECE RETROSPOT CUTLERY SET,12,4.15,13819,United Kingdom,49.8
543670,79321,CHILLI LIGHTS,48,4.25,16013,United Kingdom,204.0
543670,71477,COLOUR GLASS. STAR T-LIGHT HOLDER,96,2.75,16013,United Kingdom,264.0
543672,79321,CHILLI LIGHTS,72,4.25,16013,United Kingdom,306.0
543673,22423,REGENCY CAKESTAND 3 TIER,32,10.95,16013,United Kingdom,350.4
543673,22507,MEMO BOARD RETROSPOT  DESIGN,48,4.25,16013,United Kingdom,204.0
543674,21471,STRAWBERRY RAFFIA FOOD COVER,96,2.95,16013,United Kingdom,283.2
543674,47566,PARTY BUNTING,100,3.75,16013,United Kingdom,375.0
543674,15056N,EDWARDIAN PARASOL NATURAL,120,4.95,16013,United Kingdom,594.0
543675,85123A,WHITE HANGING HEART T-LIGHT HOLDER,150,2.55,16013,United Kingdom,382.5
543691,35004B,SET OF 3 BLACK FLYING DUCKS,48,4.65,17924,United Kingdom,223.2
543693,22470,HEART OF WICKER LARGE,24,2.95,12897,United Kingdom,70.8
